,attendance,clarityColor,easyColor,helpColor,helpCount,id,notHelpCount,onlineClass,quality,rClarity,rClass,rComments,rDate,rEasy,rEasyString,rErrorMsg,rHelpful,rInterest,rOverall,rOverallString,rStatus,rTextBookUse,rTimestamp,rWouldTakeAgain,sId,takenForCredit,teacher,teacherGrade,teacherRatingTags,unUsefulGrouping,usefulGrouping
0,Mandatory,good,good,good,1,33943011,0,,awesome,5,CS2212,"I can't say enough good things about Arena. He cares, and you will see that. Discrete structures is very difficult and at times convoluted, but Arena makes it somewhat enjoyable and easier to understand. If you are confused about something, Arena WILL help you. Difficult problem sets (4) but easier exams and other grade cushions (participation).",12/03/2020,4.0,4.0,,5,N/A,5.0,5.0,1,Yes,1607033005000,Yes,4002,Yes,,Not sure yet,"['Amazing lectures', 'Respected']",people,person
1,N/A,good,average,good,0,33904800,0,online,awesome,5,CS2212,"Prof Arena is probably one of the best teachers in the CS department. He seems to genuinely want to see you do well(ie he doesnt purposely sabotage grades) and gives you all the tools needed to succeed. For this being an asynchronous class, I found it to be one my favorite classes to actually work on all semester.",11/30/2020,3.0,3.0,,5,N/A,5.0,5.0,1,Yes,1606710423000,Yes,4002,Yes,,B,"['Gives good feedback', 'Hilarious', 'Amazing lectures']",people,people
2,Not Mandatory,good,average,good,1,33904434,0,,awesome,5,CS2212,"This was my second time taking Professor Arena, and he did an exceptional job teaching 2212 in an asynchronous format. His lectures and examples are very clear and it is easy to get in touch with him. Highly recommend!",11/30/2020,2.0,2.0,,5,N/A,5.0,5.0,1,Yes,1606706347000,Yes,4002,Yes,,A,"['Caring', 'Accessible outside class', 'Respected']",people,person
3,Not Mandatory,good,average,good,0,33902324,0,,awesome,5,CS2212,"Prof. Arena is one of, if not the best professors in the CS department. He is a very nice person and extremely helpful to students. He truly has a passion for teaching. Take him if you get the chance!",11/29/2020,2.0,2.0,,5,N/A,5.0,5.0,1,Yes,1606680846000,Yes,4002,Yes,,A,"['Gives good feedback', 'Inspirational', 'Amazing lectures']",people,people
4,Not Mandatory,good,average,good,0,33900976,0,online,awesome,5,CS2212,"Just a great professor. Take him if you get the chance. If you listen to his lectures, you will be fine. Homeworks can be tough, but he's always ready to help.",11/29/2020,3.0,3.0,,5,N/A,5.0,5.0,1,Yes,1606631274000,Yes,4002,Yes,,A,"['Inspirational', 'Clear grading criteria', 'Caring']",people,people
5,Mandatory,good,average,good,0,33590760,0,,awesome,5,CS1101,Amazing prof. One of the best I've had during my first year at Vandy,08/16/2020,2.0,2.0,,5,N/A,5.0,5.0,1,Yes,1597611184000,Yes,4002,Yes,,A,"['Inspirational', 'Clear grading criteria', 'Respected']",people,people
6,Not Mandatory,good,poor,good,0,33217016,0,,awesome,5,CS1101,"Dr. Arena is amazing. He responds to questions immediately and definitely wants all of his students to learn. I already knew java coming in, but I knew others that didn't, and everyone found the class not too difficult. Honestly, as long as you do the PAs, you'll be completely fine. Some do take a good amount of time though. 100% would take again.",05/06/2020,1.0,1.0,,5,N/A,5.0,5.0,1,Yes,1588749392000,Yes,4002,Yes,,A,"['Inspirational', 'Respected', 'Caring']",people,people
7,Not Mandatory,good,average,good,0,33210582,0,,awesome,5,CS1101,"Cares about students learning CS and learning to think. Programming assignments due every week, but he gives you the tools to do them in class, and if you are stuck the TAs will guide you through in office hours. I've had better lecturers, but I knew many people in the class and they all agreed he was great, which is rare. He also cares a lot.",05/05/2020,2.0,2.0,,5,N/A,5.0,5.0,1,No,1588710267000,Yes,4002,Yes,,A,"['Gives good feedback', 'Clear grading criteria', 'Caring']",people,people
8,Not Mandatory,good,good,good,0,33160239,0,,awesome,5,CS1101,"This class made me fall in love with Computer Science. Truly a great and understanding professor. The weekly programming assignments got tougher as the semester went on, but if you get help from the TAs in office hours you will be fine. I thought the homework was kind of fun, and the tests weren't too bad. He wants his students to work to get As.",04/29/2020,4.0,4.0,,5,N/A,5.0,5.0,1,Yes,1588197820000,Yes,4002,Yes,,A,"['Amazing lectures', 'Clear grading criteria', 'Hilarious']",people,people
9,Not Mandatory,good,good,good,0,33118092,0,,awesome,5,CS1101,"Dan Arena is the GOAT and the best professor I've had at Vanderbilt. The class overall and programming assignments are challenging, but Arena is a great teacher who gives you every opportunity to succeed. If you put in the time and effort you can get an A.",04/24/2020,4.0,4.0,,5,N/A,5.0,5.0,1,No,1587694734000,Yes,4002,Yes,,A,"['Accessible outside class', 'Lots of homework', 'Inspirational']",people,people
10,Mandatory,average,good,average,0,33116661,0,,average,3,CS1101,"I took this class pass/fail during the COVID semester. Math major, no prior CS experience. I wish there was a class for ppl who just want to dip their toe into CS, not an aggressive intro weed-out class like this. Definitely directed towards people with at least some prior CS experience. Insane amount of work (PAs took me about 6hrs/week).",04/23/2020,5.0,5.0,,3,N/A,3.0,3.0,1,Yes,1587682739000,No,4002,Yes,,N/A,"['Respected', 'Lots of homework', ""Skip class? You won't pass.""]",people,people
11,Mandatory,good,good,good,0,33095353,0,,awesome,5,CS1101,"So great! His personality made lectures engaging and he explained concepts well. For a beginner coder, homework was difficult at first -- so if you have no experience, know it's not a breeze. Work hard and go to office hours and you will do well. Prof. once spent 40 minutes helping fix my code, and he responds quickly to questions posted online",04/21/2020,4.0,4.0,,5,N/A,5.0,5.0,1,Yes,1587441138000,Yes,4002,Yes,,A,"['Accessible outside class', 'Lots of homework', 'Gives good feedback']",people,people
12,Not Mandatory,good,average,good,0,33090507,0,,awesome,5,CS2212,"Didn't get to know him personally, but I loved going to lectures. He's very accessible, does the most to help his students, and tries to make his class as engaging and interactive as possible. Attendance isn't mandatory, but zyBooks count for part of your grade. Overall, 10/10 recommend; if he's teaching a course you need, take it with him.",04/20/2020,3.0,3.0,,5,N/A,5.0,5.0,1,Yes,1587402085000,Yes,4002,Yes,,N/A,"['Caring', 'Respected', 'Amazing lectures']",people,people
13,Not Mandatory,good,average,good,0,33089992,0,,awesome,5,CS1101,Very good,04/20/2020,3.0,3.0,,5,N/A,5.0,5.0,1,No,1587397826000,Yes,4002,Yes,,A+,[],people,people
14,Mandatory,good,good,good,0,33089519,0,,awesome,5,CS1101,"Professor Arena is one of my favorite professors: he clearly cares about students, is very helpful with any questions you may have, and makes learning CS a challenging but very rewarding experience! If you put in the effort, a good grade is fairly easy!",04/20/2020,4.0,4.0,,5,N/A,5.0,5.0,1,Yes,1587392212000,Yes,4002,Yes,,A,"['Lots of homework', 'Amazing lectures', 'Respected']",people,people
15,N/A,good,good,good,0,33089479,0,,awesome,5,CS1101,"Only take 1101 with Professor Arena. His lectures are clear and well structured, and he can explain the material to anybody - I had zero experience coming into this class. Every week consists of programming assignments and a bit of busy work. Two extra credit opportunities are provided.",04/20/2020,4.0,4.0,,5,N/A,5.0,5.0,1,Yes,1587391523000,Yes,4002,Yes,,A,"['Respected', 'Clear grading criteria']",people,people
16,Not Mandatory,good,good,good,0,33081741,0,,awesome,5,CS1101,"Dan Arena is a great guy who genuinely cares about his students. The class is definitely work heavy, but since a lot of your grade is based on the programming assignments, as long as you put the work in, an A is definitely do-able, even with no past coding experience.",04/18/2020,4.0,4.0,,5,N/A,5.0,5.0,1,No,1587227310000,Yes,4002,Yes,,A,[],people,people
17,Mandatory,good,average,good,0,33074554,0,,awesome,5,CS1101,Professor Arena is phenomenal. You can tell he loves his job just through the effort he puts into his class as well as making sure all his students are understanding the concepts. This IS the CS class to take if you are interested in being a CS major. An 'A' is doable if you put the work in.,04/17/2020,3.0,3.0,,5,N/A,5.0,5.0,1,Yes,1587085360000,Yes,4002,Yes,,A,"['Gives good feedback', 'Clear grading criteria', 'Lots of homework']",people,people
18,Not Mandatory,good,average,good,0,33073290,0,,awesome,5,CS1101,"Professor Dan is a really great guy who actually cares about his students and he does everything he can to make sure everyone understands the material. Definitely take his section if you can!! The class is a good amount of work, but office hours make it a lot easier.",04/16/2020,3.0,3.0,,5,N/A,5.0,5.0,1,No,1587071754000,Yes,4002,Yes,,A,[],people,people
19,Mandatory,good,average,good,0,33071403,0,,awesome,5,CS1101,"It is a great introductory computer science course. The assignments take about 8-10 hours per week, but it gives you a good grasp of Java. Arena is a fabulous teacher who keeps lectures entertaining.",04/16/2020,3.0,3.0,,5,N/A,5.0,5.0,1,No,1587057028000,Yes,4002,Yes,,A,"['Lots of homework', 'Hilarious', 'Lecture heavy']",people,people
20,Not Mandatory,good,average,good,0,33057435,0,,awesome,5,CS1101,"Only complaint is sometimes the Zylabs sample runs are off so you end up wasting submissions on the projects. His lecturing itself isn't great but his slides are really, really useful and if you learn them you'll do great on tests. Giving him a 5 more because he's a great guy who cares so much about his students' well-being, academic and otherwise.",04/14/2020,2.0,2.0,,5,N/A,5.0,5.0,1,Yes,1586849675000,Yes,4002,Yes,,A+,"['Accessible outside class', 'Hilarious', 'Caring']",people,people
21,Not Mandatory,good,average,good,0,33057379,0,,awesome,5,CS1101,The other reviewers aren't wrong  he is a very great lecturer and cares for his students. Definitely take his section of CS 1101 if you are on the fence about majoring in CS  I know a lot (myself included) who decided to major in CS thanks to professor Arena. An easy A if you already have background in coding,04/14/2020,2.0,2.0,,5,N/A,5.0,5.0,1,No,1586848301000,Yes,4002,Yes,,N/A,"['Respected', 'Inspirational', 'Amazing lectures']",people,people
22,Mandatory,good,good,good,0,33053402,0,,awesome,5,CS1101,Arena is the reason I am majoring in CS,04/13/2020,4.0,4.0,,5,N/A,5.0,5.0,1,Yes,1586803308000,Yes,4002,Yes,,Not sure yet,"['Accessible outside class', 'Gives good feedback', 'Respected']",people,people
23,Not Mandatory,good,average,good,0,32999245,0,,good,4,CS1101,"CS 1101 is a great class. Like the other comments say, it is a lot of work-- specifically with the programming assignments; however, Professor Dan makes these doable. I don't agree that this class is an easy A, I definitely think it is has gotten harder every semester, and requires more work. The tests are HARD: make sure to study for them!!!",03/28/2020,3.0,3.0,,4,N/A,4.0,4.0,1,Yes,1585383558000,Yes,4002,Yes,,Not sure yet,"['Respected', 'Lots of homework', 'Amazing lectures']",people,people
24,Not Mandatory,good,average,good,0,32649766,0,,awesome,5,CS2212,He's an amazing professor who explains concepts really well. His slides are super clear and he will go over some concepts twice if he thinks the class doesn't understand them well enough. Easily the best professor you can take for 2212,12/13/2019,2.0,2.0,,5,N/A,5.0,5.0,1,No,1576273916000,Yes,4002,Yes,,A,[],people,people
25,Not Mandatory,good,average,good,0,32597435,0,,awesome,5,CS2212,Arena is the best professor for Discrete. Quizzes are all straightforward/fair and if you study his lectures you'll do well. Super funny guy who makes the class way more interesting than it could be.,12/10/2019,2.0,2.0,,5,N/A,5.0,5.0,1,No,1576014713000,Yes,4002,Yes,,A,"['Clear grading criteria', 'Hilarious', 'Amazing lectures']",people,people
26,Not Mandatory,good,average,good,0,32522884,0,,awesome,5,CS2212,I loved the course and if you do want to take 2212 I would recommend Dan Arena. An A is definitely attainable. He makes sure you understand concepts and will not test you on anything he feels he hasn't taught well. He is a very caring Professor and I am glad to have taken the class with him. Probably one of my favorite professors at Vanderbilt,12/04/2019,3.0,3.0,,5,N/A,5.0,5.0,1,No,1575481514000,Yes,4002,Yes,,A,"['Caring', 'Accessible outside class', 'Inspirational']",people,people
27,N/A,good,average,good,0,32465704,0,,awesome,5,CS2212,"Professor Arena is one of the best professors I've had in the CS department here. He explains the material super clearly and thoroughly in class, and makes hard concepts easy to understand. Quizzes are graded fairly, and he is pretty accessible outside of class. I would definitely recommend Arena for discrete",11/22/2019,2.0,2.0,,5,N/A,5.0,5.0,1,No,1574461834000,Yes,4002,Yes,,N/A,['Amazing lectures'],people,people
28,Mandatory,good,good,good,1,32258900,0,,awesome,5,CS2212,"He is a wonderful professor. He gives very good lectures. But if you want to get an easy A, I do not recommend this class.",10/02/2019,5.0,5.0,,5,N/A,5.0,5.0,1,Yes,1570038521000,No,4002,Yes,,Not sure yet,"['Lots of homework', 'Gives good feedback', ""Skip class? You won't pass.""]",people,person
29,Not Mandatory,good,average,good,1,31959974,0,,good,4,CS1101,"The other ratings say it all. Great lecturer, posts each day's slides online. Obviously, going to class is the best way to ensure an A, but its pretty doable to miss a bunch of them and still pull it off, especially if you have prior programming experience. Most of the assignments are very time consuming, but not overly difficult.",05/27/2019,3.0,3.0,,4,N/A,4.0,4.0,3,Yes,1558967970000,Yes,4002,Yes,,A,"['EXTRA CREDIT', 'Lots of homework', 'Respected']",people,person
30,Not Mandatory,good,average,good,0,31735045,0,,awesome,5,CS1101,"1101 is a lot of work, but if you do the programming assignments well and actually go to class, it is not hard to get an A. His course convinced me to switch my major to CS",05/01/2019,3.0,3.0,,5,N/A,5.0,5.0,1,No,1556738241000,Yes,4002,Yes,,A,[],people,people
31,Not Mandatory,good,average,good,1,31622499,0,,awesome,5,CS1101,"Dan Arena is my favorite professor so far at Vanderbilt. When you go to him during office hours, he knows exactly what to say to make you feel competent and respected. He was extremely helpful during office hours and his lectures are clear. Made me become a CS major and was always caring about his students. Truly a gem at Vanderbilt.",04/18/2019,3.0,3.0,,5,N/A,5.0,5.0,1,No,1555603562000,Yes,4002,Yes,,N/A,"['Gives good feedback', 'Caring', 'Accessible outside class']",people,person
32,Not Mandatory,good,average,good,0,31622273,0,,awesome,5,CS1101,"Arena is my favorite professor at Vandy so far. Extremely helpful, engaging, and knows what hes talking about. Lectures are super informative though not mandatory to go to. Class is naturally a lot of work but Arena is absolutely the way to go if you want to do well. Definitely recommend",04/18/2019,3.0,3.0,,5,N/A,5.0,5.0,1,Yes,1555602114000,Yes,4002,Yes,,A,"['Gives good feedback', 'Accessible outside class', 'Amazing lectures']",people,people
33,Not Mandatory,good,good,good,0,31513765,0,,awesome,5,CS1101,"Prof Arena is one of the most genuine, caring professors at Vanderbilt. Coming into this class with no programming experience I found the material of this class extremely difficult, but Prof Arena is so helpful in office hours and also responds to emails/posts on Piazza discussion board very quickly. His lectures are clear and he posts slides too.",04/02/2019,4.0,4.0,,5,N/A,5.0,5.0,1,Yes,1554175075000,Yes,4002,Yes,,N/A,"['Accessible outside class', 'Caring', 'Respected']",people,people
34,Not Mandatory,good,poor,good,5,31039535,1,,awesome,5,CS1101,"Professor Arena is nice and available outside of the class, answering the email and piazza questions as soon as possible. Class's homework is time-consuming but it is more annoying than hard, and the tests are really straightforward and easy. Definitely an easy A and good experience with Java even though you have no experience in coding before.",12/15/2018,1.0,1.0,,5,N/A,5.0,5.0,1,No,1544855136000,Yes,4002,Yes,,A,[],person,people
35,Not Mandatory,good,average,good,0,31028931,0,,awesome,5,CS1101,"Prof Arena made an introductory class a really special experience for so many people. He loves teaching and is so good about answering emails, etc. and helping out students with their grades or questions. Such a funny guy that you can tell really cares about his students, posts lectures so you don't have to go but you should for his explanations",12/14/2018,2.0,2.0,,5,N/A,5.0,5.0,1,Yes,1544812330000,Yes,4002,Yes,,A,"['Accessible outside class', 'Amazing lectures', 'Gives good feedback']",people,people
36,Not Mandatory,good,good,good,0,31025333,0,,awesome,5,CS2201,Great prof. He really cares if you learn the material. Lot of work but it's totally worth it.,12/14/2018,4.0,4.0,,5,N/A,5.0,5.0,1,Yes,1544794959000,Yes,4002,Yes,,A-,"['Inspirational', 'Respected', 'Hilarious']",people,people
37,Not Mandatory,good,good,good,0,31024073,0,,awesome,5,CS1101,"Umm it is easy to get A-, but you actually need to work hard for A or A+(if u want to get A+ u need to be perfect lmao) because your grade is determined based on how people do in class (btw if ur grade is over 90, then it is guaranteed A-). You can get A if u have a solid background. I think A+ cutoff &gt;98. Well it is a fun class.",12/14/2018,4.0,4.0,,5,N/A,5.0,5.0,1,No,1544773048000,Yes,4002,No,,A,"['Accessible outside class', 'Respected', 'Clear grading criteria']",people,people
38,Not Mandatory,good,good,good,0,30979173,0,,awesome,5,CS1101,Absolutely awesome!,12/12/2018,4.0,4.0,,5,N/A,5.0,5.0,1,Yes,1544574730000,Yes,4002,Yes,,A,"['Inspirational', 'Hilarious', 'Respected']",people,people
39,Not Mandatory,good,average,good,1,30972539,0,,awesome,5,CS1101,"Professor Arena is so dedicated to helping you learn CS. He answers questions for everything, at almost all hours of the day. His teaching style is very helpful for anyone who knows nothing about this subject. This class can be hard bc CS is hard, but Arena really helps you get into it. Take him!",12/11/2018,3.0,3.0,,5,N/A,5.0,5.0,1,Yes,1544555904000,Yes,4002,Yes,,N/A,"['Caring', 'Accessible outside class']",people,person
40,Not Mandatory,good,average,good,0,30972016,0,,awesome,5,CS1101,"Professor Dan is an awesome teacher. His lectures are really entertaining and easy to follow. He really cares about how well you understand the material, and he's super easy to meet with outside of class. Definitely take him for any CS course you can.",12/11/2018,3.0,3.0,,5,N/A,5.0,5.0,1,Yes,1544554284000,Yes,4002,Yes,,N/A,"['Clear grading criteria', 'Accessible outside class', 'Caring']",people,people
41,Not Mandatory,good,average,good,0,30971539,0,,awesome,5,CS1101,"Arena is the man!!! A great teacher, and sets it up where it is helpful when you go to class, but isn't essential to attend because lectures are online. You get out of the class what you put into it (the PAs are a huge time commitment) but i've learned so much over the past semester. Take this class if you have any interest in Computer Science!!",12/11/2018,3.0,3.0,,5,N/A,5.0,5.0,1,Yes,1544553006000,Yes,4002,Yes,,Not sure yet,"['Inspirational', 'Lots of homework', 'Hilarious']",people,people
42,N/A,good,average,good,0,30959776,0,,awesome,5,CS1101,"PAs are a lot of work, but they really do help a lot with understanding the concepts. Arena is definitely one of the best lecturer in Vanderbilt. I had no experience with programming before, but he teaches so well.",12/11/2018,3.0,3.0,,5,N/A,5.0,5.0,1,Yes,1544500505000,Yes,4002,Yes,,N/A,"['Respected', 'Accessible outside class', 'Lots of homework']",people,people
43,Not Mandatory,good,good,good,0,30922323,0,,awesome,5,CS1101,Professor Arena is very good at explaining concepts and its never a real mystery what are on exams. Dont really need to attend lectures since they are posted online but worth it if you end up having trouble. Very nice and answers all questions (through email or piazza) he receives.,12/08/2018,4.0,4.0,,5,N/A,5.0,5.0,1,Yes,1544276978000,Yes,4002,Yes,,N/A,"['Gives good feedback', 'Amazing lectures', 'Respected']",people,people
44,Not Mandatory,good,average,good,0,30889546,0,,awesome,5,CS1101,Great professor. You can go to less than half the lectures and be fine - he posts all of them and they're pretty clear.,12/06/2018,3.0,3.0,,5,N/A,5.0,5.0,1,No,1544082591000,Yes,4002,Yes,,A,[],people,people
45,Not Mandatory,good,average,good,0,30874552,0,,awesome,5,CS2212,Cares about your learning and does everything he can to help you do well in a class that is not easy. Heard great things about him before taking the class and they were not wrong.,12/05/2018,3.0,3.0,,5,N/A,5.0,5.0,1,No,1544013343000,Yes,4002,Yes,,A-,"['Accessible outside class', 'Clear grading criteria', 'Caring']",people,people
46,Not Mandatory,good,good,good,0,30874480,0,,awesome,5,CS1101,"Dr. Arena is out to assist students and make sure they pass, often staying after classes are over in order to help students while also being available by email. Fantastic professor!",12/05/2018,4.0,4.0,,5,N/A,5.0,5.0,1,Yes,1544013127000,Yes,4002,Yes,,C+,"['Accessible outside class', 'Gives good feedback', 'Respected']",people,people
47,Not Mandatory,good,average,good,0,30874365,0,,awesome,5,CS2212,"Arena is a great professor. Definitely the best for Discreet Structures. It can be a decent amount of work at times, but his lectures are entertaining and he explains concepts well.",12/05/2018,3.0,3.0,,5,N/A,5.0,5.0,1,No,1544012841000,Yes,4002,Yes,,N/A,"['Hilarious', 'Lots of homework', 'Respected']",people,people
48,Not Mandatory,good,good,good,0,30846583,0,,awesome,5,CS2201,Probably the best professor in Vanderbilt Engineering. Always take his class if you can enroll in since so many people are trying to get into his session. The professor is so so so so nice but the class itself is challenging. Try to spend about 10 hours every week coding and debugging. The TAs are super strict on grading.,12/03/2018,4.0,4.0,,5,N/A,5.0,5.0,1,No,1543848866000,Yes,4002,Yes,,A,"['Hilarious', 'Accessible outside class', 'Inspirational']",people,people
49,Mandatory,good,good,good,0,30846582,0,,awesome,5,CS2201,"Dan just started teaching 2201 this semester, and he ROCKS, but it's a little more tough to be in his class rather than Roth's because Roth makes all the final decisions. Dan cares about you and your learning and will do everything to make you understand content. Great teacher, just make sure you are working to Roth's standards on PAs and exams.",12/03/2018,4.0,4.0,,5,N/A,5.0,5.0,1,No,1543848859000,Yes,4002,Yes,,N/A,"[""Skip class? You won't pass."", 'Lots of homework']",people,people
50,Not Mandatory,good,average,good,0,30234993,0,,awesome,5,CS1101,"Great professor, great stories, fabulous lectures!",06/05/2018,3.0,3.0,,5,N/A,5.0,5.0,1,Yes,1528230837000,Yes,4002,Yes,,A+,"['Gives good feedback', 'Caring', 'Amazing lectures']",people,people
51,Not Mandatory,good,average,good,1,30204566,0,,awesome,5,CS2212,"Dan is a great teacher. This class isn't that hard and there are no tests, only quizzes. It's easy to get in the B range but really hard to get in the A range since so many things determine your grade in the class.",05/29/2018,2.0,2.0,,5,N/A,5.0,5.0,1,No,1527600951000,Yes,4002,Yes,,B+,"['Respected', 'Hilarious', 'Amazing lectures']",people,person
52,Not Mandatory,good,good,good,3,30053767,0,,awesome,5,CS1101,"Dan is an amazing teacher. I had no programming experience coming into this class and he makes everything really easy to understand. It is a lot of work, but it's rewarding work. He is super helpful on Piazza and is good to go to for office hours if you have something the TA's can't answer. And he gives candy on Friday's for happy hour!",05/10/2018,4.0,4.0,,5,N/A,5.0,5.0,1,Yes,1525948554000,Yes,4002,Yes,,A+,"['Lots of homework', 'Respected']",people,people
53,Not Mandatory,good,poor,good,1,29950825,0,,good,4,CS1101,"If you have any sort of programming experience and/or are good at logic, class is very easy. You can honestly show up to class maybe once every 2 weeks and still get an A. Just make sure you understand the lecture slides, which he'll post every day. Super helpful on Piazza too, and responds quickly.",05/01/2018,1.0,1.0,,4,N/A,4.0,4.0,3,No,1525199727000,Yes,4002,Yes,,A,"['Lots of homework', 'Accessible outside class']",people,person
54,Not Mandatory,good,good,good,0,29869523,0,,awesome,5,CS1101,"Professor Dan is one of the best professors I've ever had. He is so helpful and really cares about his students' success. It's sometimes hard to go to lectures because they aren't mandatory, but if you go, you will learn and probably do better in the course. Some assignments are difficult, but there are TA office hours every day to help.",04/23/2018,4.0,4.0,,5,N/A,5.0,5.0,1,Yes,1524500638000,Yes,4002,Yes,,A,"['Amazing lectures', 'Respected', 'Accessible outside class']",people,people
55,Not Mandatory,good,good,good,0,29869128,1,,good,4,CS1101,"Made me work for an A. Didn't attend to many lectures, but if you read his slides and the textbooks, its do able",04/23/2018,4.0,4.0,,4,N/A,4.0,4.0,3,Yes,1524498714000,Yes,4002,Yes,,N/A,"['Lots of homework', 'EXTRA CREDIT', 'Respected']",person,people
56,Not Mandatory,good,average,good,1,29868473,0,,awesome,5,CS1101,"I love this man, he is friendly, accessible, and obviously very knowledgable and passionate about the subject. Inspired me to switch my major and made difficult concepts easy to understand. 10/10 the coolest dude",04/23/2018,3.0,3.0,,5,N/A,5.0,5.0,1,No,1524495146000,Yes,4002,Yes,,N/A,"['Accessible outside class', 'Inspirational', 'Respected']",people,person
57,Not Mandatory,good,average,good,2,29788981,0,,awesome,5,CS1101,"Professor Arena is an excellent instructor. Lectures are very clear, and he is always very willing to help. For example, on days where programming assignments would be due (Usually 11:59 PM), he would stay behind after class and help students who had trouble or questions. Tests are straightforward, assignments are easy but sometimes time consuming.",04/11/2018,2.0,2.0,,5,N/A,5.0,5.0,1,No,1523490404000,Yes,4002,Yes,,A,"['Hilarious', 'Accessible outside class', 'Amazing lectures']",people,people
58,Not Mandatory,good,good,good,1,29514163,0,,awesome,5,CS1101,"Professor Dan is easily the best professor I've had at Vanderbilt; he truly cares about his students' success. While this class definitely makes you work pretty hard, it is worth it-- you will learn so much. The tests are relatively easy, but the weekly programming assignments will typically take a few hours.",01/29/2018,4.0,4.0,,5,N/A,5.0,5.0,1,No,1517228110000,Yes,4002,Yes,,A-,"['Lots of homework', 'Accessible outside class', 'Amazing lectures']",people,person
59,N/A,good,average,good,2,29478141,0,,awesome,5,CS1101,Professor Dan was a great professor who had lectures that were easily understandable even if you've never programmed before. He explains things very clearly and is helpful if you ever have questions. Programming assignments are very doable if you put in the time and go to office hours if you have trouble.,01/19/2018,3.0,3.0,,5,N/A,5.0,5.0,1,Yes,1516376372000,Yes,4002,Yes,,A-,[],people,people
60,Not Mandatory,good,average,good,1,29465496,0,,awesome,5,CS1101,"Out of all of the professors I had last semester, Prof Dan was easily the best. Programming assignments are fair with a noticeable increase in difficulty a few times throughout the course. He is always on Piazza or email to the point where he will respond to questions at 10pm or later on the nights where assignments are due.",01/17/2018,3.0,3.0,,5,N/A,5.0,5.0,1,Yes,1516186162000,Yes,4002,Yes,,A+,"['Amazing lectures', 'Respected', 'Gives good feedback']",people,person
61,Not Mandatory,good,good,good,3,29454582,0,,awesome,5,CS1101,"Great teacher, always available and replies his emails within a short time. He explains the material clearly and answers your questions. Difficult class though, I struggled to get an A.",01/15/2018,4.0,4.0,,5,N/A,5.0,5.0,1,No,1516031168000,Yes,4002,Yes,,A,"['Lots of homework', 'Gives good feedback', 'Respected']",people,people
62,Not Mandatory,good,good,good,0,29430756,0,,awesome,5,CS1101,"Dan is a great teacher. Since 1101 is a big lecture hall intro class, a lot of people don't come, which I think is a shame because I learned so much from him in just one semester. Office hours are very helpful with programming assignments and as long as you don't start them the night before and put in time you'll be fine.",01/10/2018,4.0,4.0,,5,N/A,5.0,5.0,1,No,1515605124000,Yes,4002,Yes,,A-,"['Hilarious', 'Amazing lectures', 'Lots of homework']",people,people
63,Not Mandatory,good,average,good,0,29253328,0,,awesome,5,CS1101,"Definitely the teacher of choice for CS1101. Lectures are effective at teaching the material and also entertaining at the same time. Did an amazing job at fielding questions on the online discussion board we used, and is available for further help if contacted. If you start assignments early/attend office hours when needed, you should do great.",12/18/2017,3.0,3.0,,5,N/A,5.0,5.0,1,Yes,1513562616000,Yes,4002,Yes,,A,"['Clear grading criteria', 'Amazing lectures']",people,people
64,Not Mandatory,good,good,good,1,29224027,1,,good,4,CS2231,"Arena is a great professor -- he has this vibe of &quot;let's get through this together&quot; in his teaching which is really inspiring. My only complaint was that we used TopHat for lecture, which is unnecessarily complicated when the powerpoint could just be posted on Brightspace.",12/15/2017,4.0,4.0,,4,N/A,4.0,4.0,1,No,1513359268000,Yes,4002,Yes,,A,['Inspirational'],person,person
65,N/A,good,average,good,0,29093324,0,,awesome,5,CS1101,"Keeps the class lively and entertaining. Teaches the material in an understandable and relatable way that makes you want to learn more from him. Would prefer if he taught all my classes. There is a good amount of homework, but that should be expected from a CS class.",12/08/2017,2.0,2.0,,5,N/A,5.0,5.0,1,Yes,1512700626000,Yes,4002,Yes,,A+,"['Hilarious', 'Lots of homework', 'Gives good feedback']",people,people
66,Not Mandatory,good,good,good,1,29070974,0,,awesome,5,CS1101,"The professor is sooooo great, but the course does require a lot of work.",12/06/2017,4.0,4.0,,5,N/A,5.0,5.0,1,Yes,1512591568000,Yes,4002,Yes,,N/A,"['Inspirational', 'Hilarious', 'Lots of homework']",people,person
67,Not Mandatory,good,good,good,0,29035478,0,,awesome,5,CS1101,"Professor Arena is one of the most fun and understanding professors I've had, yet he is also great at teaching students all of the material in a clear and interesting manner. He's super great!",12/04/2017,4.0,4.0,,5,N/A,5.0,5.0,1,No,1512403016000,Yes,4002,Yes,,N/A,"['Amazing lectures', 'Respected']",people,people
68,Not Mandatory,good,average,good,1,29035377,0,,awesome,5,CS1101,"Professor Dan was truly amazing! His lectures are quite fun. Attendance is not mandatory, but highly recommended. Programming assignments may sometimes take a really long time to complete, but are ultimately rewarding. It is not hard to get an A in this class, if you are organized and do your best on the programming assignments.",12/04/2017,3.0,3.0,,5,N/A,5.0,5.0,1,No,1512402543000,Yes,4002,Yes,,Not sure yet,"['Amazing lectures', 'Hilarious', 'Lots of homework']",people,person
69,Not Mandatory,good,average,good,0,29031862,0,,awesome,5,CS1101,"Pretty great dude. He has amazing lectures, teaches content well, and focuses on making sure you understand whatever is happening. He cares a lot about each individual student even though its a big class. If you're taking 1101, make sure its with Dan.",12/04/2017,3.0,3.0,,5,N/A,5.0,5.0,1,No,1512388879000,Yes,4002,N/A,,A,"['Hilarious', 'Amazing lectures', 'Respected']",people,people
70,N/A,good,average,good,1,29031808,0,,awesome,5,CS1101,"Always there to help, and his lectures really help with the exams and homework. Go to class and you'll do fine. #1 tip is start assignments early, so the TA's will be able to help if you need it.",12/04/2017,3.0,3.0,,5,N/A,5.0,5.0,1,Yes,1512388567000,Yes,4002,Yes,,N/A,"['Amazing lectures', 'Gives good feedback', 'Lots of homework']",people,person
71,Not Mandatory,good,good,good,0,29031799,0,,awesome,5,CS1101,"Very kind and wants you to do well in the course, hilarious and makes class and assignments fun",12/04/2017,4.0,4.0,,5,N/A,5.0,5.0,1,Yes,1512388543000,Yes,4002,Yes,,Not sure yet,"['Respected', 'Gives good feedback', 'Accessible outside class']",people,people
72,Mandatory,good,good,good,0,29031791,0,,awesome,5,CS1101,"I took CS 1101 as a high school student, so it was both my first college-level class and my first formal Computer Science class. Professor Arena made the curriculum very clear and understandable with his excellent lectures, and though he assigns a lot of homework, the work done outside of class was extremely helpful and well worth the effort.",12/04/2017,4.0,4.0,,5,N/A,5.0,5.0,1,Yes,1512388526000,Yes,4002,Yes,,N/A,"['Amazing lectures', 'Lots of homework']",people,people
73,Mandatory,good,average,good,0,29031773,0,,awesome,5,CS1101,"This class is pretty good at helping you learn Java. This class quite manageable if you have even a little coding experience. Otherwise, you'll have to work a bit. Professor Arena is very engaging and a good lecturer, and even a little funny, so I highly recommend taking it with him. The programming assignments take a long time, so start them early",12/04/2017,3.0,3.0,,5,N/A,5.0,5.0,1,No,1512388447000,Yes,4002,Yes,,A,"['Lots of homework', 'Gives good feedback', 'Accessible outside class']",people,people
74,Mandatory,good,good,good,0,29031767,0,,awesome,5,CS1101,"Professor Dan was probably my favorite professor I've taken so far. Cheesy pop culture references, extremely helpful lectures, and nearly uninterrupted accessibility outside of class helped my understanding of Comp Sci a ton and made class really enjoyable. Definitely an extremely time intensive course, but it's totally fulfilling and worth it.",12/04/2017,4.0,4.0,,5,N/A,5.0,5.0,1,Yes,1512388419000,Yes,4002,Yes,,A-,"['Respected', 'Gives good feedback', 'Lots of homework']",people,people
75,Not Mandatory,good,good,good,0,29031728,0,,awesome,5,CS1101,"Prof. Arena is a highly competent and caring professor. He absolutely know his stuff, and he is able to teach it well too. The class itself is challenging and there is lots of homework, but it is manageable if you put in the effort. Prof. Arena and the TAs are very accessible and want you to pass, so if you put in the effort, you will succeed.",12/04/2017,4.0,4.0,,5,N/A,5.0,5.0,1,No,1512388268000,Yes,4002,Yes,,Not sure yet,"['Hilarious', 'Lots of homework', 'Caring']",people,people
76,Not Mandatory,good,good,good,0,29031722,0,,good,4,CS1101,"Loved the course but it is no joke. I had no prior programming background but I had no issue getting things done. The TAs and professor are super helpful on programming assignments. You have to be willing to do hours of work a week, around 10-15.",12/04/2017,4.0,4.0,,4,N/A,4.0,4.0,1,Yes,1512388247000,Yes,4002,Yes,,B+,"['Hilarious', 'Lots of homework', 'Accessible outside class']",people,people
77,Not Mandatory,good,average,good,1,29031696,0,,awesome,5,CS1101,"Prof Dan is a real solid guy. He is always willing to help with assignments and you get multiple submissions if you don't get it exactly right on the first try. Also, the test aren't necessarily easy but they're not killer by any means. The averages always lied around B to A-, and he does curve if it needs to be done.",12/04/2017,2.0,2.0,,5,N/A,5.0,5.0,3,Yes,1512388166000,Yes,4002,Yes,,A,"['Gives good feedback', 'Respected', 'Clear grading criteria']",people,person
78,Not Mandatory,good,average,good,0,29031688,0,,awesome,5,CS1101,"I've already taken AP Computer Science before, so most of this class was a breeze. Despite that, Professor Arena still taught me a lot of new things because of how good he is at explaining the concepts and answered my questions perfectly each time. Would definitely take Arena again for Discrete Structures.",12/04/2017,2.0,2.0,,5,N/A,5.0,5.0,1,No,1512388123000,Yes,4002,Yes,,A,"['Gives good feedback', 'EXTRA CREDIT', 'Respected']",people,people
79,Not Mandatory,good,good,good,0,29025149,0,,awesome,5,CS1101,"Professor Arena is awesome. The class is difficult for people who have never coded before, but after the first test it is not bad. Failed the first test, but then got As on the rest, so do not worry. Be ready to code a lot. Projects take a long time, but are super helpful for really learning the material.",12/03/2017,4.0,4.0,,5,N/A,5.0,5.0,1,Yes,1512318504000,Yes,4002,Yes,,N/A,"['Amazing lectures', 'Lots of homework']",people,people
80,Not Mandatory,good,good,good,2,28930227,0,,awesome,5,CS1101,This is my first year at Vandy and no background in CS what so ever but Arena is the guy that made me want to become a CS major. He is super chill and funny in class. Obviously know what he is talking about and MWF 12-1 he has office hour and always helps his student on their program. Great professor. Course is challenging but doable.,11/18/2017,4.0,4.0,,5,N/A,5.0,5.0,1,Yes,1510979100000,Yes,4002,Yes,,A,"['Gives good feedback', 'Respected', 'Hilarious']",people,people
81,Not Mandatory,good,good,good,1,28883143,0,,awesome,5,CS1101,"Amazing professor and by far my favorite at Vanderbilt. Hard, hard class though. Even with Java and APCS background, you'll definitely have to work for an A. Roughly 15-20 hours a week of work outside of class, but very rewarding and fun once finished. Dan is very accessible and helpful. Go to office hours!",11/13/2017,4.0,4.0,,5,N/A,5.0,5.0,1,Yes,1510573792000,Yes,4002,Yes,,N/A,"['Tough grader', 'Lots of homework', 'Hilarious']",people,person
82,Not Mandatory,good,good,good,0,28878662,1,,awesome,5,CS1101,He posts the lectures online and is super helpful in office hours. I highly recommend using the office hours for this class.,11/12/2017,4.0,4.0,,5,N/A,5.0,5.0,1,No,1510502966000,Yes,4002,Yes,,N/A,"['Amazing lectures', 'Accessible outside class', 'Lots of homework']",person,people
83,N/A,good,average,good,0,28862630,0,,good,4,CS1101,"Arena is funny, helpful, and accessible. Don't get the optional textbook, it's useless. But he's very organized and overall a great professor.",11/09/2017,3.0,3.0,,4,N/A,4.0,4.0,1,Yes,1510224990000,Yes,4002,Yes,,N/A,"['Lots of homework', 'EXTRA CREDIT', 'Clear grading criteria']",people,people
84,Not Mandatory,good,good,good,0,28784246,0,,awesome,5,COMSCI10,Lot's of very hard homework for the course but I went to his office hours and he helped me more than my actual professor! Obviously knows what he's talking about.,10/25/2017,5.0,5.0,,5,N/A,5.0,5.0,1,Yes,1508955748000,Yes,4002,Yes,,N/A,"['Accessible outside class', 'Lots of homework', 'Gives good feedback']",people,people
85,Mandatory,good,average,good,0,28733373,0,,awesome,5,CS1151,His lectures are just so fun - he always has tons of cool real-life examples and case studies to go along with the boring textbook stuff (the mock trials/discussions of court cases on Fun Fridays are hilarious and really get the whole class engaged) The quizzes are not too hard if you review the slides carefully and he is kinda an easy grader too.,10/11/2017,2.0,2.0,,5,N/A,5.0,5.0,1,No,1507725880000,Yes,4002,Yes,,N/A,"['Hilarious', 'Accessible outside class']",people,people
86,Not Mandatory,good,good,good,2,28546261,0,,awesome,5,CS1101,Great class. Great professor. Learned a lot.,07/20/2017,4.0,4.0,,5,N/A,5.0,5.0,1,Yes,1500575391000,Yes,4002,Yes,,N/A,"['Inspirational', 'Caring', 'Hilarious']",people,people
87,Not Mandatory,good,good,good,0,28474642,0,,awesome,5,CS1101,"CS1101 is a hard course. You definitely need to put a lot of time and effort into the course if you want to do well - there were times that I spent 20+ hours in office hours in a week. But Professor Arena was great! His lectures are clear and he is extremely helpful in office hours! If your gonna take 1101, take it with Arena.",06/21/2017,4.0,4.0,,5,N/A,5.0,5.0,1,Yes,1498072834000,Yes,4002,Yes,,A,"['Lots of homework', 'Accessible outside class']",people,people
88,Not Mandatory,good,good,good,2,28234637,0,,awesome,5,CS1101,"Awesome, caring and the best professor I've ever had.",05/06/2017,4.0,4.0,,5,N/A,5.0,5.0,1,Yes,1494105389000,Yes,4002,Yes,,A-,"['Inspirational', 'Hilarious', 'Respected']",people,people
89,Not Mandatory,good,average,good,0,28106433,0,,awesome,5,CS1101,"With weekly programming assignments, this class requires a lot of effort. Even for those who have some CS background and are CS majors (like me), the homework still takes a lot of time and can be tricky. Arena is a fabulous teacher though. He welcomes questions in class and is quick to answer emails.  I also took CS 1151 with him, which was good.",04/23/2017,3.0,3.0,,5,N/A,5.0,5.0,1,No,1492960394000,Yes,4002,Yes,,N/A,"['Caring', 'Lots of homework', 'Accessible outside class']",people,people
90,Not Mandatory,good,good,good,1,28098619,0,,awesome,5,CS1101,"This year they reprogram all assignments and they are really challenging. I have no background and it is really hard at first. But I REALLY learned a lot. Prepare to spend a lot of time on this course. Professor Dan is the best!!! He is always there to answer your question and help you. If you love CS and prepare to major in it, definitely take it!",04/21/2017,4.0,4.0,,5,N/A,5.0,5.0,1,No,1492790064000,Yes,4002,Yes,,N/A,"['Caring', 'Lots of homework']",people,person
91,Not Mandatory,good,good,good,0,28098598,0,,awesome,5,CS1101,Vandy made this course harder than it previously was before Spring 2017. It is a challenging course but very interesting and you will learn a lot. Arena is a great teacher and he genuinely cares about his students. Great class all around if you're up to the challenge.,04/21/2017,4.0,4.0,,5,N/A,5.0,5.0,1,Yes,1492789914000,Yes,4002,Yes,,N/A,"['Gives good feedback', 'Respected', 'Lots of homework']",people,people
92,Not Mandatory,good,good,good,0,28096157,2,,awesome,5,CS1101,"In short, Arena is a great lecturer and I was glad to have him. He's a gem in office hours and I'd recommend him to anyone.",04/21/2017,4.0,4.0,,5,N/A,5.0,5.0,1,No,1492771376000,Yes,4002,Yes,,A-,"['Clear grading criteria', 'Hilarious', 'Accessible outside class']",people,people
93,N/A,good,average,good,0,28096145,0,,awesome,5,CS2201,"He is a wonderful and fair professor.  Lectures always contain some humor, and he is very easy to work with and get in touch with outside of class.",04/21/2017,3.0,3.0,,5,N/A,5.0,5.0,1,Yes,1492771288000,Yes,4002,Yes,,N/A,"['Gives good feedback', 'Hilarious', 'Accessible outside class']",people,people
94,Not Mandatory,good,good,good,2,28075360,0,,awesome,5,CS1101,"Great professor, but one of the hardest classes I've ever taken. The sheer workload for this class dwarfed all my other courses combined. There are weekly homework assignments that really take quite a lot of effort to do. He's unbelievably responsive to questions, and is good at explaining the concepts. Seriously--Great professor, difficult class.",04/19/2017,5.0,5.0,,5,N/A,5.0,5.0,1,No,1492564641000,Yes,4002,Yes,,N/A,"['Lots of homework', 'Gives good feedback']",people,people
95,Not Mandatory,good,average,good,0,28068367,0,,awesome,5,CS1101,One of the best professors. Gives feedback so fast.... I asked a question on piazza and ten seconds later I received a response,04/18/2017,3.0,3.0,,5,N/A,5.0,5.0,1,No,1492517671000,Yes,4002,N/A,,A,"['Gives good feedback', 'Lots of homework', 'Hilarious']",people,people
96,Not Mandatory,good,average,good,3,27940794,0,,awesome,5,CS1151,don't buy the textbook. he's so great. love hte class. take ethics with him if you can. study for the quizzes,03/23/2017,2.0,2.0,,5,N/A,5.0,5.0,1,No,1490302198000,Yes,4002,Yes,,A-,"['Hilarious', 'Participation matters', 'Tough grader']",people,people
97,Not Mandatory,good,average,good,0,27940790,0,,good,4,CS1101,"Hes great, love the guy.  Do the homework and youre fine",03/23/2017,3.0,3.0,,4,N/A,4.0,4.0,1,No,1490302096000,Yes,4002,Yes,,B+,"['Respected', 'Lots of homework', 'Hilarious']",people,people
98,Not Mandatory,good,good,good,2,27932225,0,,good,4,CS1101,"I've taken more than my fair share of traditionally difficult classes at Vandy, but none compares to CS 1101. It's a TON of outside work (10-17+ hrs/week). Prof. Arena is a great choice and very accessible outside of class, but Java is definitely not for the faint-of-heart. Do not take the class unless you are TRULY considering a CS major.",03/22/2017,5.0,5.0,,4,N/A,4.0,4.0,1,Yes,1490177095000,Yes,4002,Yes,,N/A,"['Get ready to read', 'Accessible outside class', 'Lots of homework']",people,people
99,Not Mandatory,good,good,good,1,27723106,0,,awesome,5,CS1101,Professor Arena is phenomenal. Got through this course without ever opening the textbook because of how thorough & clear his lectures were. He is also very approachable when you have questions and seems committed to helping students succeed. Best advice for this class: Start assignments early and go to office hours if/when you get stuck.,01/12/2017,4.0,4.0,,5,N/A,5.0,5.0,1,No,1484239846000,Yes,4002,Yes,,A,"['Caring', 'Lots of homework']",people,person
100,Not Mandatory,good,average,good,0,27544806,0,,awesome,5,CS2212,"Awesome. Professor Dan was really great and really cared about the students. I know it was his first semester teaching it, but I thought he did a great job with a tough subject.",12/17/2016,3.0,3.0,,5,N/A,5.0,5.0,1,No,1481981239000,Yes,4002,Yes,,A,"['Caring', 'Gives good feedback', 'Amazing lectures']",people,people
101,N/A,good,average,good,0,27523253,0,,awesome,5,CS2212,"Seriously one of the nicest professors ever. This course in particular was a bit rough because it was his first year and it contained a lot of reading off the slides and equivocal explanations of concepts, but the material isn't too difficult to begin with. But he still rocks.",12/15/2016,2.0,2.0,,5,N/A,5.0,5.0,1,Yes,1481843019000,Yes,4002,Yes,,N/A,[],people,people
102,Not Mandatory,good,average,good,0,27513048,0,,awesome,5,CS1101,"Professor Arena is extremely helpful. He's patient with every student's every question. When you think you should get some credit back from any test or assignment, as long as your request is reasonable, he's definitely gonna help you. He takes the honor code really serious so you will always be rewarded for your honesty and hard work in his class",12/15/2016,3.0,3.0,,5,N/A,5.0,5.0,1,Yes,1481812925000,Yes,4002,Yes,,N/A,"['Amazing lectures', 'Hilarious', 'Inspirational']",people,people
103,Not Mandatory,good,average,good,0,27510646,0,,awesome,5,CS1101,"Professor Arena has been my favorite professor this year. He is very funny in lectures and extremely helpful in office hours. He definitely cares for all of his students and really does his best to teach us. The class itself is fine, some of the programming assignments can be difficult but you get a week to do them. Would recommend 10/10",12/15/2016,3.0,3.0,,5,N/A,5.0,5.0,1,Yes,1481806212000,Yes,4002,Yes,,N/A,"['Hilarious', 'Gives good feedback', 'Amazing lectures']",people,people
104,Not Mandatory,good,average,good,0,27495231,0,,awesome,5,CS1101,"Professor Dan is great. I went in with no CS experience, and he made it relatively parsimonious if I paid attention. Tests aren't too bad if you read the lectures and the textbook. The class had a few too many assignment that seemed only doable with LOTS of TA help or previous programming experience, when this is supposed to be an intro class.",12/14/2016,3.0,3.0,,5,N/A,5.0,5.0,1,Yes,1481736569000,Yes,4002,Yes,,N/A,"['Lots of homework', 'Lecture heavy', 'Amazing lectures']",people,people
105,Not Mandatory,good,average,good,0,27377681,1,,awesome,5,CS1101,"He is a great, nice teacher. He knows the material. I definitely thought the course had way too many assignments, and the grading criteria was very picky. However, that isn't professor Arena's fault at all. I think he is the most interesting and funny out of all of the CS 1101 professors.",12/07/2016,2.0,2.0,,5,N/A,5.0,5.0,1,Yes,1481141954000,Yes,4002,N/A,,A+,['Lots of homework'],person,people
106,Not Mandatory,good,good,good,0,27377019,0,,awesome,5,CS1101,"As a student who had never taken a CS course before, Arena really made me glad I did. Very personable and makes the lectures about as interesting as comp sci lectures can be. Weekly homework can be very challenging at times but it forces you to really know the material. Would definitely recommend.",12/07/2016,4.0,4.0,,5,N/A,5.0,5.0,1,Yes,1481139959000,Yes,4002,Yes,,N/A,"['Amazing lectures', 'Lots of homework', 'Hilarious']",people,people
107,Not Mandatory,good,good,good,1,27371489,0,,awesome,5,CS1101,"Definitely one of my favourite professors at Vanderbilt. Office hours are a great time, and classes are fun too. Professor Dan genuinely cares about his students. Once, he stayed after class on a Friday for two hours to help me fix my mess of a program. He's the reason I'm considering a CS major. I wish I could take all my CS classes with him.",12/07/2016,4.0,4.0,,5,N/A,5.0,5.0,1,Yes,1481124313000,Yes,4002,Yes,,N/A,"['Accessible outside class', 'Caring', 'Hilarious']",people,person
108,Not Mandatory,good,average,good,2,27371266,0,,awesome,5,CS1101,Professor Dan is very helpful from day one. He cares about how his students and this is demonstrated by him asking for feedback after every test about what the students thought. Assignments can sometimes get pretty lengthy but he gives ample time as well as 4 free late days. 10/10 would recommend. 12/10 with rice.,12/07/2016,2.0,2.0,,5,N/A,5.0,5.0,1,Yes,1481123788000,Yes,4002,Yes,,A-,"['Clear grading criteria', 'Lots of homework', 'Gives good feedback']",people,people
109,Not Mandatory,good,average,good,0,27371222,0,,awesome,5,CS1101,"The homeworks were hard and took time, but definitely paid off. My favorite class, such a funny guy.",12/07/2016,3.0,3.0,,5,N/A,5.0,5.0,1,Yes,1481123697000,Yes,4002,Yes,,N/A,"['Respected', 'Accessible outside class']",people,people
110,Not Mandatory,good,average,good,0,27371220,0,,awesome,5,CS1101,Dan Arena is hands down the best professor for CS 1101. He is a good lecturer and is happy to help you outside class. I went to his office hours a few times and he was not at all intimidating. If you are able to take his class I would absolutely recommend him over any other professor.,12/07/2016,3.0,3.0,,5,N/A,5.0,5.0,1,Yes,1481123694000,Yes,4002,Yes,,N/A,"['Respected', 'Amazing lectures', 'Lots of homework']",people,people
111,Not Mandatory,good,average,good,3,27371118,0,,awesome,5,CS1101,The homeworks take time but the TAs are always available and Dan is really helpful during office hours. The tests are easy as long as you read the lectures. You don't need to go to class to do well but Dan is very entertaining.,12/07/2016,2.0,2.0,,5,N/A,5.0,5.0,1,Yes,1481123456000,Yes,4002,Yes,,A,"['Respected', 'Lots of homework', 'Accessible outside class']",people,people
112,Not Mandatory,good,average,good,3,27371071,0,,awesome,5,CS1101,THE BEST,12/07/2016,2.0,2.0,,5,N/A,5.0,5.0,1,Yes,1481123346000,Yes,4002,Yes,,Not sure yet,[],people,people
113,Not Mandatory,good,good,good,0,27353057,0,,awesome,5,CS1101,Professor Dan is the best professor I have had at college. He is hilarious and insightful and knowledgeable and approachable.,12/06/2016,4.0,4.0,,5,N/A,5.0,5.0,1,Yes,1481039066000,Yes,4002,Yes,,A-,"['Gives good feedback', 'Respected', 'Inspirational']",people,people
114,N/A,good,average,good,1,27326411,0,,awesome,5,CS1101,"intro cs is a weirdly structured class and the curriculum is kind of strangely ordered, so it seems like they brush off a lot of explanations saying we'll get to that later, but the class itself is pretty interesting and Dr Arena is good at explaining concepts so he's one of your best bets at not becoming frustrated by the curriculum.",12/04/2016,3.0,3.0,,5,N/A,5.0,5.0,1,No,1480868098000,Yes,4002,Yes,,A-,"[""Skip class? You won't pass."", 'Accessible outside class', 'Clear grading criteria']",people,person
115,Not Mandatory,good,poor,good,0,27254820,1,,good,4,CS1151,"There are weekly discussion posts(300 words) due by midnight each Friday and biweekly assignments(500 words) due by midnight either Sunday, Wednesday, or Friday depending on the week. It is easy to receive a high A on all of these assignments that comprise the majority of your grade. 5 easy quizzes (3 at home online) (4 questions each) and a final.",11/25/2016,1.0,1.0,,4,N/A,4.0,4.0,1,No,1480116261000,Yes,4002,Yes,,A,['Clear grading criteria'],person,people
